{
  "V1: Original": {
    "mae": 1.6610918045043945,
    "rmse": 2.5372564792633057,
    "best_val_loss": 1.3089871183037758
  },
  "V2: Power Law": {
    "mae": 1.6470295190811157,
    "rmse": 2.5084192752838135,
    "best_val_loss": 1.270404852926731
  },
  "V3: Linear Decay": {
    "mae": 3.6916050910949707,
    "rmse": 5.876613140106201,
    "best_val_loss": 3.4968894720077515
  },
  "V4: Sigmoid Mod": {
    "mae": 1.6081479787826538,
    "rmse": 2.443047523498535,
    "best_val_loss": 1.1375145260244608
  },
  "V5: Adaptive Target": {
    "mae": 1.5662705898284912,
    "rmse": 2.408477306365967,
    "best_val_loss": 1.2227741107344627
  }
}